timeStamp,elapsed,label,responseCode,responseMessage,threadName,dataType,success,failureMessage,bytes,sentBytes,grpThreads,allThreads,URL,Latency,IdleTime,Connect
1653638075868,166,/user_info,200,OK,Task witn scripts 2-1,text,true,,386,316,1,2,http://162.55.220.72:5005/user_info,166,0,76
1653638076035,163,/new_data,200,OK,Task witn scripts 2-1,text,true,,237,318,1,1,http://162.55.220.72:5005/new_data,163,0,79
1653638076199,154,/new_data2,200,OK,Task witn scripts 2-1,text,true,,237,318,1,1,http://162.55.220.72:5005/new_data,154,0,74
1653638076353,158,/test_pet_info,200,OK,Task witn scripts 2-1,text,true,,228,318,1,1,http://162.55.220.72:5005/test_pet_info,158,0,77
1653638076512,163,/get_test_user,200,OK,Task witn scripts 2-1,text,true,,368,321,1,1,http://162.55.220.72:5005/get_test_user,163,0,79
1653638077068,160,/user_info,200,OK,Task witn scripts 2-2,text,true,,386,317,1,1,http://162.55.220.72:5005/user_info,160,0,77
1653638077228,163,/new_data,200,OK,Task witn scripts 2-2,text,true,,237,318,1,1,http://162.55.220.72:5005/new_data,163,0,79
1653638077392,150,/new_data2,200,OK,Task witn scripts 2-2,text,true,,237,318,1,1,http://162.55.220.72:5005/new_data,150,0,72
1653638077542,158,/test_pet_info,200,OK,Task witn scripts 2-2,text,true,,228,318,1,1,http://162.55.220.72:5005/test_pet_info,158,0,77
1653638077701,158,/get_test_user,200,OK,Task witn scripts 2-2,text,true,,368,321,1,1,http://162.55.220.72:5005/get_test_user,157,0,77
1653638078266,158,/user_info,200,OK,Task witn scripts 2-3,text,true,,386,317,1,1,http://162.55.220.72:5005/user_info,158,0,78
1653638078425,151,/new_data,200,OK,Task witn scripts 2-3,text,true,,237,318,1,1,http://162.55.220.72:5005/new_data,151,0,73
1653638078576,158,/new_data2,200,OK,Task witn scripts 2-3,text,true,,237,318,1,1,http://162.55.220.72:5005/new_data,158,0,77
1653638078734,161,/test_pet_info,200,OK,Task witn scripts 2-3,text,true,,228,318,1,1,http://162.55.220.72:5005/test_pet_info,160,0,78
1653638078895,158,/get_test_user,200,OK,Task witn scripts 2-3,text,true,,368,321,1,1,http://162.55.220.72:5005/get_test_user,158,0,77
1653638079467,149,/user_info,200,OK,Task witn scripts 2-4,text,true,,386,317,1,1,http://162.55.220.72:5005/user_info,149,0,74
1653638079617,159,/new_data,200,OK,Task witn scripts 2-4,text,true,,237,318,1,1,http://162.55.220.72:5005/new_data,159,0,77
1653638079776,158,/new_data2,200,OK,Task witn scripts 2-4,text,true,,237,318,1,1,http://162.55.220.72:5005/new_data,158,0,78
1653638079935,161,/test_pet_info,200,OK,Task witn scripts 2-4,text,true,,228,318,1,1,http://162.55.220.72:5005/test_pet_info,161,0,78
1653638080096,160,/get_test_user,200,OK,Task witn scripts 2-4,text,true,,368,321,1,1,http://162.55.220.72:5005/get_test_user,160,0,78
1653638080666,159,/user_info,200,OK,Task witn scripts 2-5,text,true,,386,317,1,1,http://162.55.220.72:5005/user_info,159,0,78
1653638080825,152,/new_data,200,OK,Task witn scripts 2-5,text,true,,237,318,1,1,http://162.55.220.72:5005/new_data,152,0,74
1653638080977,149,/new_data2,200,OK,Task witn scripts 2-5,text,true,,237,318,1,1,http://162.55.220.72:5005/new_data,149,0,73
1653638081126,151,/test_pet_info,200,OK,Task witn scripts 2-5,text,true,,228,318,1,1,http://162.55.220.72:5005/test_pet_info,151,0,74
1653638081277,150,/get_test_user,200,OK,Task witn scripts 2-5,text,true,,368,321,1,1,http://162.55.220.72:5005/get_test_user,150,0,73
1653638081868,160,/user_info,200,OK,Task witn scripts 2-6,text,true,,386,317,1,1,http://162.55.220.72:5005/user_info,160,0,78
1653638082029,148,/new_data,200,OK,Task witn scripts 2-6,text,true,,237,318,1,1,http://162.55.220.72:5005/new_data,148,0,72
1653638082178,162,/new_data2,200,OK,Task witn scripts 2-6,text,true,,237,318,1,1,http://162.55.220.72:5005/new_data,162,0,79
1653638082340,149,/test_pet_info,200,OK,Task witn scripts 2-6,text,true,,228,318,1,1,http://162.55.220.72:5005/test_pet_info,148,0,73
1653638082489,162,/get_test_user,200,OK,Task witn scripts 2-6,text,true,,368,321,1,1,http://162.55.220.72:5005/get_test_user,162,0,79
1653638083067,151,/user_info,200,OK,Task witn scripts 2-7,text,true,,386,317,1,1,http://162.55.220.72:5005/user_info,151,0,74
1653638083219,162,/new_data,200,OK,Task witn scripts 2-7,text,true,,237,318,1,1,http://162.55.220.72:5005/new_data,162,0,79
1653638083381,152,/new_data2,200,OK,Task witn scripts 2-7,text,true,,237,318,1,1,http://162.55.220.72:5005/new_data,152,0,74
1653638083534,152,/test_pet_info,200,OK,Task witn scripts 2-7,text,true,,228,318,1,1,http://162.55.220.72:5005/test_pet_info,152,0,74
1653638083687,160,/get_test_user,200,OK,Task witn scripts 2-7,text,true,,368,321,1,1,http://162.55.220.72:5005/get_test_user,160,0,78
1653638084266,153,/user_info,200,OK,Task witn scripts 2-8,text,true,,386,317,1,1,http://162.55.220.72:5005/user_info,152,0,75
1653638084419,163,/new_data,200,OK,Task witn scripts 2-8,text,true,,237,318,1,1,http://162.55.220.72:5005/new_data,163,0,79
1653638084582,150,/new_data2,200,OK,Task witn scripts 2-8,text,true,,237,318,1,1,http://162.55.220.72:5005/new_data,150,0,72
1653638084733,160,/test_pet_info,200,OK,Task witn scripts 2-8,text,true,,228,318,1,1,http://162.55.220.72:5005/test_pet_info,160,0,77
1653638084894,152,/get_test_user,200,OK,Task witn scripts 2-8,text,true,,368,321,1,1,http://162.55.220.72:5005/get_test_user,152,0,73
1653638085468,160,/user_info,200,OK,Task witn scripts 2-9,text,true,,386,317,1,1,http://162.55.220.72:5005/user_info,160,0,78
1653638085629,150,/new_data,200,OK,Task witn scripts 2-9,text,true,,237,318,1,1,http://162.55.220.72:5005/new_data,150,0,73
1653638085780,161,/new_data2,200,OK,Task witn scripts 2-9,text,true,,237,318,1,1,http://162.55.220.72:5005/new_data,161,0,79
1653638085941,151,/test_pet_info,200,OK,Task witn scripts 2-9,text,true,,228,318,1,1,http://162.55.220.72:5005/test_pet_info,151,0,74
1653638086093,149,/get_test_user,200,OK,Task witn scripts 2-9,text,true,,368,321,1,1,http://162.55.220.72:5005/get_test_user,149,0,72
1653638086667,150,/user_info,200,OK,Task witn scripts 2-10,text,true,,386,317,1,1,http://162.55.220.72:5005/user_info,150,0,74
1653638086818,154,/new_data,200,OK,Task witn scripts 2-10,text,true,,237,318,1,1,http://162.55.220.72:5005/new_data,154,0,75
1653638086972,166,/new_data2,200,OK,Task witn scripts 2-10,text,true,,237,318,1,1,http://162.55.220.72:5005/new_data,166,0,78
1653638087139,156,/test_pet_info,200,OK,Task witn scripts 2-10,text,true,,228,318,1,1,http://162.55.220.72:5005/test_pet_info,156,0,77
1653638087296,160,/get_test_user,200,OK,Task witn scripts 2-10,text,true,,368,321,1,1,http://162.55.220.72:5005/get_test_user,160,0,78
1653638087867,160,/user_info,200,OK,Task witn scripts 2-11,text,true,,386,317,1,1,http://162.55.220.72:5005/user_info,160,0,77
1653638088028,162,/new_data,200,OK,Task witn scripts 2-11,text,true,,237,318,1,1,http://162.55.220.72:5005/new_data,162,0,79
1653638088190,158,/new_data2,200,OK,Task witn scripts 2-11,text,true,,237,318,1,1,http://162.55.220.72:5005/new_data,158,0,77
1653638088348,159,/test_pet_info,200,OK,Task witn scripts 2-11,text,true,,228,318,1,1,http://162.55.220.72:5005/test_pet_info,159,0,77
1653638088508,158,/get_test_user,200,OK,Task witn scripts 2-11,text,true,,368,321,1,1,http://162.55.220.72:5005/get_test_user,158,0,77
1653638089078,157,/user_info,200,OK,Task witn scripts 2-12,text,true,,386,317,1,1,http://162.55.220.72:5005/user_info,157,0,76
1653638089236,156,/new_data,200,OK,Task witn scripts 2-12,text,true,,237,318,1,1,http://162.55.220.72:5005/new_data,156,0,76
1653638089393,160,/new_data2,200,OK,Task witn scripts 2-12,text,true,,237,318,1,1,http://162.55.220.72:5005/new_data,160,0,78
1653638089553,157,/test_pet_info,200,OK,Task witn scripts 2-12,text,true,,228,318,1,1,http://162.55.220.72:5005/test_pet_info,157,0,77
1653638089711,160,/get_test_user,200,OK,Task witn scripts 2-12,text,true,,368,321,1,1,http://162.55.220.72:5005/get_test_user,160,0,78
1653638090267,158,/user_info,200,OK,Task witn scripts 2-13,text,true,,386,317,1,1,http://162.55.220.72:5005/user_info,158,0,77
1653638090425,155,/new_data,200,OK,Task witn scripts 2-13,text,true,,237,318,1,1,http://162.55.220.72:5005/new_data,155,0,75
1653638090580,164,/new_data2,200,OK,Task witn scripts 2-13,text,true,,237,318,1,1,http://162.55.220.72:5005/new_data,164,0,79
1653638090744,152,/test_pet_info,200,OK,Task witn scripts 2-13,text,true,,228,318,1,1,http://162.55.220.72:5005/test_pet_info,152,0,74
1653638090897,162,/get_test_user,200,OK,Task witn scripts 2-13,text,true,,368,321,1,1,http://162.55.220.72:5005/get_test_user,162,0,79
1653638091466,158,/user_info,200,OK,Task witn scripts 2-14,text,true,,386,317,1,1,http://162.55.220.72:5005/user_info,158,0,77
1653638091625,157,/new_data,200,OK,Task witn scripts 2-14,text,true,,237,318,1,1,http://162.55.220.72:5005/new_data,157,0,76
1653638091782,147,/new_data2,200,OK,Task witn scripts 2-14,text,true,,237,318,1,1,http://162.55.220.72:5005/new_data,147,0,73
1653638091930,157,/test_pet_info,200,OK,Task witn scripts 2-14,text,true,,228,318,1,1,http://162.55.220.72:5005/test_pet_info,157,0,77
1653638092088,157,/get_test_user,200,OK,Task witn scripts 2-14,text,true,,368,321,1,1,http://162.55.220.72:5005/get_test_user,157,0,77
1653638092667,159,/user_info,200,OK,Task witn scripts 2-15,text,true,,386,317,1,1,http://162.55.220.72:5005/user_info,159,0,78
1653638092826,150,/new_data,200,OK,Task witn scripts 2-15,text,true,,237,318,1,1,http://162.55.220.72:5005/new_data,150,0,74
1653638092977,159,/new_data2,200,OK,Task witn scripts 2-15,text,true,,237,318,1,1,http://162.55.220.72:5005/new_data,159,0,77
1653638093137,163,/test_pet_info,200,OK,Task witn scripts 2-15,text,true,,228,318,1,1,http://162.55.220.72:5005/test_pet_info,163,0,79
1653638093302,88,/get_test_user,Non HTTP response code: java.net.SocketException,Non HTTP response message: Socket closed,Task witn scripts 2-15,text,false,"Test failed: text expected to contain /""salary"": 500/",2699,0,1,1,http://162.55.220.72:5005/get_test_user,0,0,73
1653638107839,167,/user_info,200,OK,Task witn scripts 2-1,text,true,,386,317,1,1,http://162.55.220.72:5005/user_info,167,0,79
1653638108006,156,/new_data,200,OK,Task witn scripts 2-1,text,true,,237,318,1,1,http://162.55.220.72:5005/new_data,156,0,77
1653638108163,159,/new_data2,200,OK,Task witn scripts 2-1,text,true,,237,318,1,1,http://162.55.220.72:5005/new_data,159,0,78
1653638108323,148,/test_pet_info,200,OK,Task witn scripts 2-1,text,true,,228,318,1,1,http://162.55.220.72:5005/test_pet_info,148,0,73
1653638108471,157,/get_test_user,200,OK,Task witn scripts 2-1,text,true,,368,321,1,1,http://162.55.220.72:5005/get_test_user,157,0,77
1653638109039,162,/user_info,200,OK,Task witn scripts 2-2,text,true,,386,317,1,1,http://162.55.220.72:5005/user_info,162,0,79
1653638109201,150,/new_data,200,OK,Task witn scripts 2-2,text,true,,237,318,1,1,http://162.55.220.72:5005/new_data,150,0,74
1653638109351,162,/new_data2,200,OK,Task witn scripts 2-2,text,true,,237,318,1,1,http://162.55.220.72:5005/new_data,162,0,79
1653638109513,152,/test_pet_info,200,OK,Task witn scripts 2-2,text,true,,228,318,1,1,http://162.55.220.72:5005/test_pet_info,152,0,73
1653638109665,165,/get_test_user,200,OK,Task witn scripts 2-2,text,true,,368,321,1,1,http://162.55.220.72:5005/get_test_user,165,0,82
1653638110239,152,/user_info,200,OK,Task witn scripts 2-3,text,true,,386,317,1,1,http://162.55.220.72:5005/user_info,152,0,74
1653638110392,162,/new_data,200,OK,Task witn scripts 2-3,text,true,,237,318,1,1,http://162.55.220.72:5005/new_data,162,0,79
1653638110555,153,/new_data2,200,OK,Task witn scripts 2-3,text,true,,237,318,1,1,http://162.55.220.72:5005/new_data,153,0,75
1653638110708,160,/test_pet_info,200,OK,Task witn scripts 2-3,text,true,,228,318,1,1,http://162.55.220.72:5005/test_pet_info,159,0,78
1653638110868,160,/get_test_user,200,OK,Task witn scripts 2-3,text,true,,368,321,1,1,http://162.55.220.72:5005/get_test_user,160,0,78
1653638111440,160,/user_info,200,OK,Task witn scripts 2-4,text,true,,386,317,1,1,http://162.55.220.72:5005/user_info,160,0,78
1653638111601,160,/new_data,200,OK,Task witn scripts 2-4,text,true,,237,318,1,1,http://162.55.220.72:5005/new_data,160,0,78
1653638111761,151,/new_data2,200,OK,Task witn scripts 2-4,text,true,,237,318,1,1,http://162.55.220.72:5005/new_data,151,0,74
1653638111912,153,/test_pet_info,200,OK,Task witn scripts 2-4,text,true,,228,318,1,1,http://162.55.220.72:5005/test_pet_info,153,0,75
1653638112065,149,/get_test_user,200,OK,Task witn scripts 2-4,text,true,,368,321,1,1,http://162.55.220.72:5005/get_test_user,149,0,72
1653638112638,152,/user_info,200,OK,Task witn scripts 2-5,text,true,,386,317,1,1,http://162.55.220.72:5005/user_info,152,0,74
1653638112791,156,/new_data,200,OK,Task witn scripts 2-5,text,true,,237,318,1,1,http://162.55.220.72:5005/new_data,156,0,76
1653638112947,155,/new_data2,200,OK,Task witn scripts 2-5,text,true,,237,318,1,1,http://162.55.220.72:5005/new_data,155,0,75
1653638113102,154,/test_pet_info,200,OK,Task witn scripts 2-5,text,true,,228,318,1,1,http://162.55.220.72:5005/test_pet_info,154,0,75
1653638113255,153,/get_test_user,200,OK,Task witn scripts 2-5,text,true,,368,321,1,1,http://162.55.220.72:5005/get_test_user,153,0,72
1653638113838,150,/user_info,200,OK,Task witn scripts 2-6,text,true,,386,317,1,1,http://162.55.220.72:5005/user_info,149,0,74
1653638113988,150,/new_data,200,OK,Task witn scripts 2-6,text,true,,237,318,1,1,http://162.55.220.72:5005/new_data,150,0,73
1653638114138,149,/new_data2,200,OK,Task witn scripts 2-6,text,true,,237,318,1,1,http://162.55.220.72:5005/new_data,149,0,73
1653638114287,154,/test_pet_info,200,OK,Task witn scripts 2-6,text,true,,228,318,1,1,http://162.55.220.72:5005/test_pet_info,154,0,76
1653638114441,158,/get_test_user,200,OK,Task witn scripts 2-6,text,true,,368,321,1,1,http://162.55.220.72:5005/get_test_user,158,0,76
1653638115039,156,/user_info,200,OK,Task witn scripts 2-7,text,true,,386,317,1,1,http://162.55.220.72:5005/user_info,156,0,76
1653638115196,154,/new_data,200,OK,Task witn scripts 2-7,text,true,,237,318,1,1,http://162.55.220.72:5005/new_data,154,0,75
1653638115351,153,/new_data2,200,OK,Task witn scripts 2-7,text,true,,237,318,1,1,http://162.55.220.72:5005/new_data,153,0,75
1653638115504,155,/test_pet_info,200,OK,Task witn scripts 2-7,text,true,,228,318,1,1,http://162.55.220.72:5005/test_pet_info,155,0,75
1653638115659,154,/get_test_user,200,OK,Task witn scripts 2-7,text,true,,368,321,1,1,http://162.55.220.72:5005/get_test_user,154,0,75
1653638116239,152,/user_info,200,OK,Task witn scripts 2-8,text,true,,386,317,1,1,http://162.55.220.72:5005/user_info,152,0,74
1653638116392,151,/new_data,200,OK,Task witn scripts 2-8,text,true,,237,318,1,1,http://162.55.220.72:5005/new_data,151,0,72
1653638116544,151,/new_data2,200,OK,Task witn scripts 2-8,text,true,,237,318,1,1,http://162.55.220.72:5005/new_data,151,0,72
1653638116695,150,/test_pet_info,200,OK,Task witn scripts 2-8,text,true,,228,318,1,1,http://162.55.220.72:5005/test_pet_info,150,0,73
1653638116846,161,/get_test_user,200,OK,Task witn scripts 2-8,text,true,,368,321,1,1,http://162.55.220.72:5005/get_test_user,161,0,78
1653638117438,159,/user_info,200,OK,Task witn scripts 2-9,text,true,,386,317,1,1,http://162.55.220.72:5005/user_info,159,0,78
1653638117597,161,/new_data,200,OK,Task witn scripts 2-9,text,true,,237,318,1,1,http://162.55.220.72:5005/new_data,161,0,79
1653638117758,157,/new_data2,200,OK,Task witn scripts 2-9,text,true,,237,318,1,1,http://162.55.220.72:5005/new_data,157,0,77
1653638117915,157,/test_pet_info,200,OK,Task witn scripts 2-9,text,true,,228,318,1,1,http://162.55.220.72:5005/test_pet_info,157,0,77
1653638118072,149,/get_test_user,200,OK,Task witn scripts 2-9,text,true,,368,321,1,1,http://162.55.220.72:5005/get_test_user,149,0,73
1653638118638,158,/user_info,200,OK,Task witn scripts 2-10,text,true,,386,317,1,1,http://162.55.220.72:5005/user_info,158,0,77
1653638118797,156,/new_data,200,OK,Task witn scripts 2-10,text,true,,237,318,1,1,http://162.55.220.72:5005/new_data,156,0,76
1653638118954,148,/new_data2,200,OK,Task witn scripts 2-10,text,true,,237,318,1,1,http://162.55.220.72:5005/new_data,148,0,72
1653638119103,151,/test_pet_info,200,OK,Task witn scripts 2-10,text,true,,228,318,1,1,http://162.55.220.72:5005/test_pet_info,151,0,73
1653638119255,160,/get_test_user,200,OK,Task witn scripts 2-10,text,true,,368,321,1,1,http://162.55.220.72:5005/get_test_user,160,0,78
1653638119838,158,/user_info,200,OK,Task witn scripts 2-11,text,true,,386,317,1,1,http://162.55.220.72:5005/user_info,158,0,78
1653638119997,154,/new_data,200,OK,Task witn scripts 2-11,text,true,,237,318,1,1,http://162.55.220.72:5005/new_data,154,0,75
1653638120151,153,/new_data2,200,OK,Task witn scripts 2-11,text,true,,237,318,1,1,http://162.55.220.72:5005/new_data,153,0,75
1653638120305,149,/test_pet_info,200,OK,Task witn scripts 2-11,text,true,,228,318,1,1,http://162.55.220.72:5005/test_pet_info,148,0,73
1653638120454,163,/get_test_user,200,OK,Task witn scripts 2-11,text,true,,368,321,1,1,http://162.55.220.72:5005/get_test_user,163,0,78
1653638121038,150,/user_info,200,OK,Task witn scripts 2-12,text,true,,386,317,1,1,http://162.55.220.72:5005/user_info,150,0,73
1653638121188,157,/new_data,200,OK,Task witn scripts 2-12,text,true,,237,318,1,1,http://162.55.220.72:5005/new_data,157,0,78
1653638121346,161,/new_data2,200,OK,Task witn scripts 2-12,text,true,,237,318,1,1,http://162.55.220.72:5005/new_data,161,0,78
1653638121507,163,/test_pet_info,200,OK,Task witn scripts 2-12,text,true,,228,318,1,1,http://162.55.220.72:5005/test_pet_info,163,0,80
1653638121671,159,/get_test_user,200,OK,Task witn scripts 2-12,text,true,,368,321,1,1,http://162.55.220.72:5005/get_test_user,159,0,77
1653638122239,163,/user_info,200,OK,Task witn scripts 2-13,text,true,,386,317,1,1,http://162.55.220.72:5005/user_info,163,0,80
1653638122403,151,/new_data,200,OK,Task witn scripts 2-13,text,true,,237,318,1,1,http://162.55.220.72:5005/new_data,151,0,74
1653638122555,152,/new_data2,200,OK,Task witn scripts 2-13,text,true,,237,318,1,1,http://162.55.220.72:5005/new_data,152,0,74
1653638122707,164,/test_pet_info,200,OK,Task witn scripts 2-13,text,true,,228,318,1,1,http://162.55.220.72:5005/test_pet_info,164,0,80
1653638122871,162,/get_test_user,200,OK,Task witn scripts 2-13,text,true,,368,321,1,1,http://162.55.220.72:5005/get_test_user,162,0,79
1653638123438,148,/user_info,200,OK,Task witn scripts 2-14,text,true,,386,317,1,1,http://162.55.220.72:5005/user_info,148,0,73
1653638123586,160,/new_data,200,OK,Task witn scripts 2-14,text,true,,237,318,1,1,http://162.55.220.72:5005/new_data,160,0,78
1653638123746,161,/new_data2,200,OK,Task witn scripts 2-14,text,true,,237,318,1,1,http://162.55.220.72:5005/new_data,161,0,79
1653638123907,161,/test_pet_info,200,OK,Task witn scripts 2-14,text,true,,228,318,1,1,http://162.55.220.72:5005/test_pet_info,161,0,79
1653638124069,163,/get_test_user,200,OK,Task witn scripts 2-14,text,true,,368,321,1,1,http://162.55.220.72:5005/get_test_user,163,0,79
1653638124638,149,/user_info,200,OK,Task witn scripts 2-15,text,true,,386,317,1,1,http://162.55.220.72:5005/user_info,149,0,73
1653638124788,149,/new_data,200,OK,Task witn scripts 2-15,text,true,,237,318,1,1,http://162.55.220.72:5005/new_data,148,0,73
1653638124937,151,/new_data2,200,OK,Task witn scripts 2-15,text,true,,237,318,1,1,http://162.55.220.72:5005/new_data,151,0,74
1653638125088,150,/test_pet_info,200,OK,Task witn scripts 2-15,text,true,,228,318,1,1,http://162.55.220.72:5005/test_pet_info,150,0,74
1653638125239,159,/get_test_user,200,OK,Task witn scripts 2-15,text,true,,368,321,1,1,http://162.55.220.72:5005/get_test_user,159,0,78
1653638125838,159,/user_info,200,OK,Task witn scripts 2-16,text,true,,386,317,1,1,http://162.55.220.72:5005/user_info,159,0,77
1653638125997,161,/new_data,200,OK,Task witn scripts 2-16,text,true,,237,318,1,1,http://162.55.220.72:5005/new_data,161,0,78
1653638126159,161,/new_data2,200,OK,Task witn scripts 2-16,text,true,,237,318,1,1,http://162.55.220.72:5005/new_data,161,0,79
1653638126321,163,/test_pet_info,200,OK,Task witn scripts 2-16,text,true,,228,318,1,1,http://162.55.220.72:5005/test_pet_info,163,0,80
1653638126484,152,/get_test_user,200,OK,Task witn scripts 2-16,text,true,,368,321,1,1,http://162.55.220.72:5005/get_test_user,152,0,74
1653638127040,157,/user_info,200,OK,Task witn scripts 2-17,text,true,,386,317,1,1,http://162.55.220.72:5005/user_info,157,0,77
1653638127197,161,/new_data,200,OK,Task witn scripts 2-17,text,true,,237,318,1,1,http://162.55.220.72:5005/new_data,161,0,79
1653638127358,162,/new_data2,200,OK,Task witn scripts 2-17,text,true,,237,318,1,1,http://162.55.220.72:5005/new_data,162,0,78
1653638127521,148,/test_pet_info,200,OK,Task witn scripts 2-17,text,true,,228,318,1,1,http://162.55.220.72:5005/test_pet_info,148,0,72
1653638127670,161,/get_test_user,200,OK,Task witn scripts 2-17,text,true,,368,321,1,1,http://162.55.220.72:5005/get_test_user,161,0,78
1653638128251,159,/user_info,200,OK,Task witn scripts 2-18,text,true,,386,317,1,1,http://162.55.220.72:5005/user_info,159,0,78
1653638128410,160,/new_data,200,OK,Task witn scripts 2-18,text,true,,237,318,1,1,http://162.55.220.72:5005/new_data,160,0,78
1653638128571,159,/new_data2,200,OK,Task witn scripts 2-18,text,true,,237,318,1,1,http://162.55.220.72:5005/new_data,159,0,77
1653638128731,153,/test_pet_info,200,OK,Task witn scripts 2-18,text,true,,228,318,1,1,http://162.55.220.72:5005/test_pet_info,153,0,74
1653638128884,163,/get_test_user,200,OK,Task witn scripts 2-18,text,true,,368,321,1,1,http://162.55.220.72:5005/get_test_user,163,0,79
1653638129439,152,/user_info,200,OK,Task witn scripts 2-19,text,true,,386,317,1,1,http://162.55.220.72:5005/user_info,152,0,75
1653638129592,163,/new_data,200,OK,Task witn scripts 2-19,text,true,,237,318,1,1,http://162.55.220.72:5005/new_data,163,0,80
1653638129756,161,/new_data2,200,OK,Task witn scripts 2-19,text,true,,237,318,1,1,http://162.55.220.72:5005/new_data,161,0,78
1653638129917,159,/test_pet_info,200,OK,Task witn scripts 2-19,text,true,,228,318,1,1,http://162.55.220.72:5005/test_pet_info,159,0,78
1653638130076,161,/get_test_user,200,OK,Task witn scripts 2-19,text,true,,368,321,1,1,http://162.55.220.72:5005/get_test_user,161,0,78
1653638130637,159,/user_info,200,OK,Task witn scripts 2-20,text,true,,386,317,1,1,http://162.55.220.72:5005/user_info,158,0,78
1653638130796,158,/new_data,200,OK,Task witn scripts 2-20,text,true,,237,318,1,1,http://162.55.220.72:5005/new_data,158,0,77
1653638130955,156,/new_data2,200,OK,Task witn scripts 2-20,text,true,,237,318,1,1,http://162.55.220.72:5005/new_data,156,0,76
1653638131112,157,/test_pet_info,200,OK,Task witn scripts 2-20,text,true,,228,318,1,1,http://162.55.220.72:5005/test_pet_info,157,0,77
1653638131269,158,/get_test_user,200,OK,Task witn scripts 2-20,text,true,,368,321,1,1,http://162.55.220.72:5005/get_test_user,158,0,77
1653638131838,152,/user_info,200,OK,Task witn scripts 2-21,text,true,,386,317,1,1,http://162.55.220.72:5005/user_info,152,0,73
1653638131990,162,/new_data,200,OK,Task witn scripts 2-21,text,true,,237,318,1,1,http://162.55.220.72:5005/new_data,162,0,79
1653638132152,151,/new_data2,200,OK,Task witn scripts 2-21,text,true,,237,318,1,1,http://162.55.220.72:5005/new_data,151,0,73
1653638132303,150,/test_pet_info,200,OK,Task witn scripts 2-21,text,true,,228,318,1,1,http://162.55.220.72:5005/test_pet_info,150,0,73
1653638132454,152,/get_test_user,200,OK,Task witn scripts 2-21,text,true,,368,321,1,1,http://162.55.220.72:5005/get_test_user,152,0,74
1653638133038,152,/user_info,200,OK,Task witn scripts 2-22,text,true,,386,317,1,1,http://162.55.220.72:5005/user_info,152,0,75
1653638133190,162,/new_data,200,OK,Task witn scripts 2-22,text,true,,237,318,1,1,http://162.55.220.72:5005/new_data,162,0,78
1653638133353,161,/new_data2,200,OK,Task witn scripts 2-22,text,true,,237,318,1,1,http://162.55.220.72:5005/new_data,161,0,78
1653638133514,151,/test_pet_info,200,OK,Task witn scripts 2-22,text,true,,228,318,1,1,http://162.55.220.72:5005/test_pet_info,151,0,74
1653638133665,160,/get_test_user,200,OK,Task witn scripts 2-22,text,true,,368,321,1,1,http://162.55.220.72:5005/get_test_user,160,0,79
1653638134241,151,/user_info,200,OK,Task witn scripts 2-23,text,true,,386,317,1,1,http://162.55.220.72:5005/user_info,151,0,74
1653638134393,161,/new_data,200,OK,Task witn scripts 2-23,text,true,,237,318,1,1,http://162.55.220.72:5005/new_data,160,0,79
1653638134554,148,/new_data2,200,OK,Task witn scripts 2-23,text,true,,237,318,1,1,http://162.55.220.72:5005/new_data,147,0,73
1653638134702,159,/test_pet_info,200,OK,Task witn scripts 2-23,text,true,,228,318,1,1,http://162.55.220.72:5005/test_pet_info,158,0,77
1653638134861,149,/get_test_user,200,OK,Task witn scripts 2-23,text,true,,368,321,1,1,http://162.55.220.72:5005/get_test_user,149,0,73
1653638135440,161,/user_info,200,OK,Task witn scripts 2-24,text,true,,386,317,1,1,http://162.55.220.72:5005/user_info,161,0,78
1653638135601,158,/new_data,200,OK,Task witn scripts 2-24,text,true,,237,318,1,1,http://162.55.220.72:5005/new_data,158,0,78
1653638135759,158,/new_data2,200,OK,Task witn scripts 2-24,text,true,,237,318,1,1,http://162.55.220.72:5005/new_data,158,0,77
1653638135918,157,/test_pet_info,200,OK,Task witn scripts 2-24,text,true,,228,318,1,1,http://162.55.220.72:5005/test_pet_info,157,0,77
1653638136076,158,/get_test_user,200,OK,Task witn scripts 2-24,text,true,,368,321,1,1,http://162.55.220.72:5005/get_test_user,158,0,77
1653638136640,150,/user_info,200,OK,Task witn scripts 2-25,text,true,,386,317,1,1,http://162.55.220.72:5005/user_info,150,0,73
1653638136790,151,/new_data,200,OK,Task witn scripts 2-25,text,true,,237,318,1,1,http://162.55.220.72:5005/new_data,151,0,74
1653638136941,151,/new_data2,200,OK,Task witn scripts 2-25,text,true,,237,318,1,1,http://162.55.220.72:5005/new_data,150,0,73
1653638137092,150,/test_pet_info,200,OK,Task witn scripts 2-25,text,true,,228,318,1,1,http://162.55.220.72:5005/test_pet_info,150,0,73
1653638137242,149,/get_test_user,200,OK,Task witn scripts 2-25,text,true,,368,321,1,1,http://162.55.220.72:5005/get_test_user,149,0,72
1653638137839,152,/user_info,200,OK,Task witn scripts 2-26,text,true,,386,317,1,1,http://162.55.220.72:5005/user_info,152,0,74
1653638137992,160,/new_data,200,OK,Task witn scripts 2-26,text,true,,237,318,1,1,http://162.55.220.72:5005/new_data,160,0,77
1653638138153,152,/new_data2,200,OK,Task witn scripts 2-26,text,true,,237,318,1,1,http://162.55.220.72:5005/new_data,152,0,74
1653638138306,162,/test_pet_info,200,OK,Task witn scripts 2-26,text,true,,228,318,1,1,http://162.55.220.72:5005/test_pet_info,162,0,78
1653638138468,155,/get_test_user,200,OK,Task witn scripts 2-26,text,true,,368,321,1,1,http://162.55.220.72:5005/get_test_user,155,0,75
1653638139039,161,/user_info,200,OK,Task witn scripts 2-27,text,true,,386,317,1,1,http://162.55.220.72:5005/user_info,161,0,79
1653638139201,151,/new_data,200,OK,Task witn scripts 2-27,text,true,,237,318,1,1,http://162.55.220.72:5005/new_data,150,0,73
1653638139352,157,/new_data2,200,OK,Task witn scripts 2-27,text,true,,237,318,1,1,http://162.55.220.72:5005/new_data,157,0,75
1653638139509,156,/test_pet_info,200,OK,Task witn scripts 2-27,text,true,,228,318,1,1,http://162.55.220.72:5005/test_pet_info,155,0,76
1653638139665,156,/get_test_user,200,OK,Task witn scripts 2-27,text,true,,368,321,1,1,http://162.55.220.72:5005/get_test_user,156,0,76
1653638140239,151,/user_info,200,OK,Task witn scripts 2-28,text,true,,386,317,1,1,http://162.55.220.72:5005/user_info,151,0,73
1653638140391,149,/new_data,200,OK,Task witn scripts 2-28,text,true,,237,318,1,1,http://162.55.220.72:5005/new_data,149,0,72
1653638140541,149,/new_data2,200,OK,Task witn scripts 2-28,text,true,,237,318,1,1,http://162.55.220.72:5005/new_data,149,0,73
1653638140691,148,/test_pet_info,200,OK,Task witn scripts 2-28,text,true,,228,318,1,1,http://162.55.220.72:5005/test_pet_info,148,0,73
1653638140839,157,/get_test_user,200,OK,Task witn scripts 2-28,text,true,,368,321,1,1,http://162.55.220.72:5005/get_test_user,157,0,73
1653638141439,153,/user_info,200,OK,Task witn scripts 2-29,text,true,,386,317,1,1,http://162.55.220.72:5005/user_info,153,0,74
1653638141593,151,/new_data,200,OK,Task witn scripts 2-29,text,true,,237,318,1,1,http://162.55.220.72:5005/new_data,151,0,73
1653638141745,147,/new_data2,200,OK,Task witn scripts 2-29,text,true,,237,318,1,1,http://162.55.220.72:5005/new_data,147,0,72
1653638141892,152,/test_pet_info,200,OK,Task witn scripts 2-29,text,true,,228,318,1,1,http://162.55.220.72:5005/test_pet_info,152,0,74
1653638142045,160,/get_test_user,200,OK,Task witn scripts 2-29,text,true,,368,321,1,1,http://162.55.220.72:5005/get_test_user,160,0,78
1653638142646,160,/user_info,200,OK,Task witn scripts 2-30,text,true,,386,317,1,1,http://162.55.220.72:5005/user_info,159,0,78
1653638142806,151,/new_data,200,OK,Task witn scripts 2-30,text,true,,237,318,1,1,http://162.55.220.72:5005/new_data,151,0,73
1653638142957,159,/new_data2,200,OK,Task witn scripts 2-30,text,true,,237,318,1,1,http://162.55.220.72:5005/new_data,159,0,78
1653638143116,148,/test_pet_info,200,OK,Task witn scripts 2-30,text,true,,228,318,1,1,http://162.55.220.72:5005/test_pet_info,148,0,72
1653638143263,147,/get_test_user,200,OK,Task witn scripts 2-30,text,true,,368,321,1,1,http://162.55.220.72:5005/get_test_user,147,0,73
1653638143838,152,/user_info,200,OK,Task witn scripts 2-31,text,true,,386,317,1,1,http://162.55.220.72:5005/user_info,152,0,72
1653638143990,153,/new_data,200,OK,Task witn scripts 2-31,text,true,,237,318,1,1,http://162.55.220.72:5005/new_data,153,0,75
1653638144143,156,/new_data2,200,OK,Task witn scripts 2-31,text,true,,237,318,1,1,http://162.55.220.72:5005/new_data,156,0,76
1653638144299,157,/test_pet_info,200,OK,Task witn scripts 2-31,text,true,,228,318,1,1,http://162.55.220.72:5005/test_pet_info,157,0,75
1653638144457,158,/get_test_user,200,OK,Task witn scripts 2-31,text,true,,368,321,1,1,http://162.55.220.72:5005/get_test_user,158,0,76
1653638145040,151,/user_info,200,OK,Task witn scripts 2-32,text,true,,386,317,1,1,http://162.55.220.72:5005/user_info,151,0,73
1653638145192,151,/new_data,200,OK,Task witn scripts 2-32,text,true,,237,318,1,1,http://162.55.220.72:5005/new_data,150,0,73
1653638145343,159,/new_data2,200,OK,Task witn scripts 2-32,text,true,,237,318,1,1,http://162.55.220.72:5005/new_data,159,0,73
1653638145502,150,/test_pet_info,200,OK,Task witn scripts 2-32,text,true,,228,318,1,1,http://162.55.220.72:5005/test_pet_info,149,0,73
1653638145652,151,/get_test_user,200,OK,Task witn scripts 2-32,text,true,,368,321,1,1,http://162.55.220.72:5005/get_test_user,151,0,73
1653638146237,154,/user_info,200,OK,Task witn scripts 2-33,text,true,,386,317,1,1,http://162.55.220.72:5005/user_info,154,0,75
1653638146391,149,/new_data,200,OK,Task witn scripts 2-33,text,true,,237,318,1,1,http://162.55.220.72:5005/new_data,149,0,73
1653638146541,151,/new_data2,200,OK,Task witn scripts 2-33,text,true,,237,318,1,1,http://162.55.220.72:5005/new_data,151,0,73
1653638146692,153,/test_pet_info,200,OK,Task witn scripts 2-33,text,true,,228,318,1,1,http://162.55.220.72:5005/test_pet_info,153,0,75
1653638146846,149,/get_test_user,200,OK,Task witn scripts 2-33,text,true,,368,321,1,1,http://162.55.220.72:5005/get_test_user,149,0,72
1653638147437,147,/user_info,200,OK,Task witn scripts 2-34,text,true,,386,317,1,1,http://162.55.220.72:5005/user_info,147,0,72
1653638147585,148,/new_data,200,OK,Task witn scripts 2-34,text,true,,237,318,1,1,http://162.55.220.72:5005/new_data,148,0,72
1653638147734,150,/new_data2,200,OK,Task witn scripts 2-34,text,true,,237,318,1,1,http://162.55.220.72:5005/new_data,149,0,72
1653638147884,150,/test_pet_info,200,OK,Task witn scripts 2-34,text,true,,228,318,1,1,http://162.55.220.72:5005/test_pet_info,150,0,73
1653638148035,156,/get_test_user,200,OK,Task witn scripts 2-34,text,true,,368,321,1,1,http://162.55.220.72:5005/get_test_user,156,0,76
1653638148638,152,/user_info,200,OK,Task witn scripts 2-35,text,true,,386,317,1,1,http://162.55.220.72:5005/user_info,152,0,75
1653638148791,155,/new_data,200,OK,Task witn scripts 2-35,text,true,,237,318,1,1,http://162.55.220.72:5005/new_data,155,0,76
1653638148946,155,/new_data2,200,OK,Task witn scripts 2-35,text,true,,237,318,1,1,http://162.55.220.72:5005/new_data,155,0,77
1653638149102,147,/test_pet_info,200,OK,Task witn scripts 2-35,text,true,,228,318,1,1,http://162.55.220.72:5005/test_pet_info,147,0,72
1653638149249,153,/get_test_user,200,OK,Task witn scripts 2-35,text,true,,368,321,1,1,http://162.55.220.72:5005/get_test_user,153,0,74
1653638149838,147,/user_info,200,OK,Task witn scripts 2-36,text,true,,386,317,1,1,http://162.55.220.72:5005/user_info,147,0,72
1653638149985,151,/new_data,200,OK,Task witn scripts 2-36,text,true,,237,318,1,1,http://162.55.220.72:5005/new_data,151,0,74
1653638150137,151,/new_data2,200,OK,Task witn scripts 2-36,text,true,,237,318,1,1,http://162.55.220.72:5005/new_data,151,0,73
1653638150288,152,/test_pet_info,200,OK,Task witn scripts 2-36,text,true,,228,318,1,1,http://162.55.220.72:5005/test_pet_info,152,0,74
1653638150440,152,/get_test_user,200,OK,Task witn scripts 2-36,text,true,,368,321,1,1,http://162.55.220.72:5005/get_test_user,152,0,74
1653638151038,152,/user_info,200,OK,Task witn scripts 2-37,text,true,,386,317,1,1,http://162.55.220.72:5005/user_info,152,0,74
1653638151190,151,/new_data,200,OK,Task witn scripts 2-37,text,true,,237,318,1,1,http://162.55.220.72:5005/new_data,151,0,74
1653638151342,151,/new_data2,200,OK,Task witn scripts 2-37,text,true,,237,318,1,1,http://162.55.220.72:5005/new_data,151,0,73
1653638151493,150,/test_pet_info,200,OK,Task witn scripts 2-37,text,true,,228,318,1,1,http://162.55.220.72:5005/test_pet_info,150,0,73
1653638151644,149,/get_test_user,200,OK,Task witn scripts 2-37,text,true,,368,321,1,1,http://162.55.220.72:5005/get_test_user,149,0,72
1653638152239,153,/user_info,200,OK,Task witn scripts 2-38,text,true,,386,317,1,1,http://162.55.220.72:5005/user_info,153,0,74
1653638152392,151,/new_data,200,OK,Task witn scripts 2-38,text,true,,237,318,1,1,http://162.55.220.72:5005/new_data,151,0,73
1653638152544,150,/new_data2,200,OK,Task witn scripts 2-38,text,true,,237,318,1,1,http://162.55.220.72:5005/new_data,150,0,72
1653638152695,154,/test_pet_info,200,OK,Task witn scripts 2-38,text,true,,228,318,1,1,http://162.55.220.72:5005/test_pet_info,154,0,74
1653638152849,153,/get_test_user,200,OK,Task witn scripts 2-38,text,true,,368,321,1,1,http://162.55.220.72:5005/get_test_user,153,0,75
1653638153439,156,/user_info,200,OK,Task witn scripts 2-39,text,true,,386,317,1,1,http://162.55.220.72:5005/user_info,156,0,76
1653638153595,154,/new_data,200,OK,Task witn scripts 2-39,text,true,,237,318,1,1,http://162.55.220.72:5005/new_data,154,0,76
1653638153750,154,/new_data2,200,OK,Task witn scripts 2-39,text,true,,237,318,1,1,http://162.55.220.72:5005/new_data,154,0,75
1653638153904,150,/test_pet_info,200,OK,Task witn scripts 2-39,text,true,,228,318,1,1,http://162.55.220.72:5005/test_pet_info,150,0,74
1653638154055,152,/get_test_user,200,OK,Task witn scripts 2-39,text,true,,368,321,1,1,http://162.55.220.72:5005/get_test_user,152,0,73
1653638154638,150,/user_info,200,OK,Task witn scripts 2-40,text,true,,386,317,1,1,http://162.55.220.72:5005/user_info,150,0,73
1653638154788,149,/new_data,200,OK,Task witn scripts 2-40,text,true,,237,318,1,1,http://162.55.220.72:5005/new_data,149,0,74
1653638154937,152,/new_data2,200,OK,Task witn scripts 2-40,text,true,,237,318,1,1,http://162.55.220.72:5005/new_data,152,0,74
1653638155090,148,/test_pet_info,200,OK,Task witn scripts 2-40,text,true,,228,318,1,1,http://162.55.220.72:5005/test_pet_info,148,0,72
1653638155238,147,/get_test_user,200,OK,Task witn scripts 2-40,text,true,,368,321,1,1,http://162.55.220.72:5005/get_test_user,147,0,71
1653638155838,150,/user_info,200,OK,Task witn scripts 2-41,text,true,,386,317,1,1,http://162.55.220.72:5005/user_info,150,0,74
1653638155989,148,/new_data,200,OK,Task witn scripts 2-41,text,true,,237,318,1,1,http://162.55.220.72:5005/new_data,148,0,72
1653638156138,149,/new_data2,200,OK,Task witn scripts 2-41,text,true,,237,318,1,1,http://162.55.220.72:5005/new_data,149,0,72
1653638156287,149,/test_pet_info,200,OK,Task witn scripts 2-41,text,true,,228,318,1,1,http://162.55.220.72:5005/test_pet_info,149,0,74
1653638156436,151,/get_test_user,200,OK,Task witn scripts 2-41,text,true,,368,321,1,1,http://162.55.220.72:5005/get_test_user,151,0,73
1653638157039,148,/user_info,200,OK,Task witn scripts 2-42,text,true,,386,317,1,1,http://162.55.220.72:5005/user_info,148,0,73
1653638157188,150,/new_data,200,OK,Task witn scripts 2-42,text,true,,237,318,1,1,http://162.55.220.72:5005/new_data,150,0,72
1653638157339,150,/new_data2,200,OK,Task witn scripts 2-42,text,true,,237,318,1,1,http://162.55.220.72:5005/new_data,150,0,73
1653638157489,151,/test_pet_info,200,OK,Task witn scripts 2-42,text,true,,228,318,1,1,http://162.55.220.72:5005/test_pet_info,150,0,73
1653638157640,155,/get_test_user,200,OK,Task witn scripts 2-42,text,true,,368,321,1,1,http://162.55.220.72:5005/get_test_user,155,0,76
1653638158238,162,/user_info,200,OK,Task witn scripts 2-43,text,true,,386,317,1,1,http://162.55.220.72:5005/user_info,162,0,79
1653638158400,150,/new_data,200,OK,Task witn scripts 2-43,text,true,,237,318,1,1,http://162.55.220.72:5005/new_data,150,0,73
1653638158550,161,/new_data2,200,OK,Task witn scripts 2-43,text,true,,237,318,1,1,http://162.55.220.72:5005/new_data,161,0,79
1653638158712,151,/test_pet_info,200,OK,Task witn scripts 2-43,text,true,,228,318,1,1,http://162.55.220.72:5005/test_pet_info,151,0,73
1653638158863,158,/get_test_user,200,OK,Task witn scripts 2-43,text,true,,368,321,1,1,http://162.55.220.72:5005/get_test_user,158,0,77
1653638159438,162,/user_info,200,OK,Task witn scripts 2-44,text,true,,386,317,1,1,http://162.55.220.72:5005/user_info,162,0,79
1653638159600,158,/new_data,200,OK,Task witn scripts 2-44,text,true,,237,318,1,1,http://162.55.220.72:5005/new_data,158,0,77
1653638159759,161,/new_data2,200,OK,Task witn scripts 2-44,text,true,,237,318,1,1,http://162.55.220.72:5005/new_data,161,0,78
1653638159921,158,/test_pet_info,200,OK,Task witn scripts 2-44,text,true,,228,318,1,1,http://162.55.220.72:5005/test_pet_info,158,0,76
1653638160079,157,/get_test_user,200,OK,Task witn scripts 2-44,text,true,,368,321,1,1,http://162.55.220.72:5005/get_test_user,157,0,76
1653638160639,158,/user_info,200,OK,Task witn scripts 2-45,text,true,,386,317,1,1,http://162.55.220.72:5005/user_info,158,0,77
1653638160798,159,/new_data,200,OK,Task witn scripts 2-45,text,true,,237,318,1,1,http://162.55.220.72:5005/new_data,159,0,77
1653638160957,158,/new_data2,200,OK,Task witn scripts 2-45,text,true,,237,318,1,1,http://162.55.220.72:5005/new_data,158,0,78
1653638161115,161,/test_pet_info,200,OK,Task witn scripts 2-45,text,true,,228,318,1,1,http://162.55.220.72:5005/test_pet_info,161,0,78
1653638161276,159,/get_test_user,200,OK,Task witn scripts 2-45,text,true,,368,321,1,1,http://162.55.220.72:5005/get_test_user,159,0,77
1653638161839,159,/user_info,200,OK,Task witn scripts 2-46,text,true,,386,317,1,1,http://162.55.220.72:5005/user_info,159,0,78
1653638161998,161,/new_data,200,OK,Task witn scripts 2-46,text,true,,237,318,1,1,http://162.55.220.72:5005/new_data,161,0,78
1653638162160,159,/new_data2,200,OK,Task witn scripts 2-46,text,true,,237,318,1,1,http://162.55.220.72:5005/new_data,159,0,77
1653638162319,153,/test_pet_info,200,OK,Task witn scripts 2-46,text,true,,228,318,1,1,http://162.55.220.72:5005/test_pet_info,153,0,73
1653638162472,152,/get_test_user,200,OK,Task witn scripts 2-46,text,true,,368,321,1,1,http://162.55.220.72:5005/get_test_user,152,0,74
1653638163037,151,/user_info,200,OK,Task witn scripts 2-47,text,true,,386,317,1,1,http://162.55.220.72:5005/user_info,151,0,73
1653638163189,148,/new_data,200,OK,Task witn scripts 2-47,text,true,,237,318,1,1,http://162.55.220.72:5005/new_data,148,0,73
1653638163339,161,/new_data2,200,OK,Task witn scripts 2-47,text,true,,237,318,1,1,http://162.55.220.72:5005/new_data,161,0,78
1653638163500,151,/test_pet_info,200,OK,Task witn scripts 2-47,text,true,,228,318,1,1,http://162.55.220.72:5005/test_pet_info,151,0,74
1653638163651,159,/get_test_user,200,OK,Task witn scripts 2-47,text,true,,368,321,1,1,http://162.55.220.72:5005/get_test_user,159,0,78
1653638164238,150,/user_info,200,OK,Task witn scripts 2-48,text,true,,386,317,1,1,http://162.55.220.72:5005/user_info,150,0,73
1653638164388,159,/new_data,200,OK,Task witn scripts 2-48,text,true,,237,318,1,1,http://162.55.220.72:5005/new_data,159,0,78
1653638164548,150,/new_data2,200,OK,Task witn scripts 2-48,text,true,,237,318,1,1,http://162.55.220.72:5005/new_data,150,0,74
1653638164698,163,/test_pet_info,200,OK,Task witn scripts 2-48,text,true,,228,318,1,1,http://162.55.220.72:5005/test_pet_info,163,0,80
1653638164862,155,/get_test_user,200,OK,Task witn scripts 2-48,text,true,,368,321,1,1,http://162.55.220.72:5005/get_test_user,155,0,74
1653638165441,162,/user_info,200,OK,Task witn scripts 2-49,text,true,,386,317,1,1,http://162.55.220.72:5005/user_info,161,0,78
1653638165603,157,/new_data,200,OK,Task witn scripts 2-49,text,true,,237,318,1,1,http://162.55.220.72:5005/new_data,157,0,74
1653638165760,148,/new_data2,200,OK,Task witn scripts 2-49,text,true,,237,318,1,1,http://162.55.220.72:5005/new_data,148,0,72
1653638165908,149,/test_pet_info,200,OK,Task witn scripts 2-49,text,true,,228,318,1,1,http://162.55.220.72:5005/test_pet_info,149,0,73
1653638166058,151,/get_test_user,200,OK,Task witn scripts 2-49,text,true,,368,321,1,1,http://162.55.220.72:5005/get_test_user,150,0,73
1653638166639,159,/user_info,200,OK,Task witn scripts 2-50,text,true,,386,317,1,1,http://162.55.220.72:5005/user_info,159,0,77
1653638166799,156,/new_data,200,OK,Task witn scripts 2-50,text,true,,237,318,1,1,http://162.55.220.72:5005/new_data,156,0,76
1653638166955,159,/new_data2,200,OK,Task witn scripts 2-50,text,true,,237,318,1,1,http://162.55.220.72:5005/new_data,159,0,78
1653638167115,157,/test_pet_info,200,OK,Task witn scripts 2-50,text,true,,228,318,1,1,http://162.55.220.72:5005/test_pet_info,157,0,77
1653638167273,151,/get_test_user,200,OK,Task witn scripts 2-50,text,true,,368,321,1,1,http://162.55.220.72:5005/get_test_user,151,0,73
